No.,Title,Link
1,3D Printing in Medicine,http://threedmedprint.biomedcentral.com
2,Acta Epileptologica,http://aepi.biomedcentral.com
3,Acta Neuropathologica Communications,http://actaneurocomms.biomedcentral.com
4,Acta Veterinaria Scandinavica,http://actavetscand.biomedcentral.com
5,Addiction Science & Clinical Practice,http://ascpjournal.biomedcentral.com
6,Advances in Rheumatology,http://advancesinrheumatology.biomedcentral.com
7,Advances in Simulation,http://advancesinsimulation.biomedcentral.com
8,Agriculture & Food Security,http://agricultureandfoodsecurity.biomedcentral.com
9,AIDS Research and Therapy,http://aidsrestherapy.biomedcentral.com
10,Algorithms for Molecular Biology,http://almob.biomedcentral.com
11,"Allergy, Asthma & Clinical Immunology",http://aacijournal.biomedcentral.com
12,Alzheimer's Research & Therapy,http://alzres.biomedcentral.com
13,Animal Biotelemetry,http://animalbiotelemetry.biomedcentral.com
14,Animal Microbiome,http://animalmicrobiome.biomedcentral.com
15,Annals of Clinical Microbiology and Antimicrobials,http://ann-clinmicrob.biomedcentral.com
16,Annals of General Psychiatry,http://annals-general-psychiatry.biomedcentral.com
17,Antimicrobial Resistance & Infection Control,http://aricjournal.biomedcentral.com
18,Applied Cancer Research,http://appliedcr.biomedcentral.com
19,Archives of Physiotherapy,http://archivesphysiotherapy.biomedcentral.com
20,Archives of Public Health,http://archpublichealth.biomedcentral.com
21,Arthritis Research & Therapy,http://arthritis-research.biomedcentral.com
22,Arthroplasty,http://arthroplasty.biomedcentral.com
23,Asthma Research and Practice,http://asthmarp.biomedcentral.com
24,Autoimmunity Highlights,http://autoimmunhighlights.biomedcentral.com
25,Avian Research,http://avianres.biomedcentral.com
26,Basic and Clinical Andrology,http://bacandrology.biomedcentral.com
27,Behavioral and Brain Functions,http://behavioralandbrainfunctions.biomedcentral.com
28,Big Data Analytics,http://bdataanalytics.biomedcentral.com
29,BioData Mining,http://biodatamining.biomedcentral.com
30,Bioelectronic Medicine,http://bioelecmed.biomedcentral.com
31,Biological Procedures Online,http://biologicalproceduresonline.biomedcentral.com
32,Biological Research,http://biolres.biomedcentral.com
33,Biology Direct,http://biologydirect.biomedcentral.com
34,Biology of Sex Differences,http://bsd.biomedcentral.com
35,Biomarker Research,http://biomarkerres.biomedcentral.com
36,Biomaterials Research,http://biomaterialsres.biomedcentral.com
37,Biomedical Dermatology,http://biomeddermatol.biomedcentral.com
38,BioMedical Engineering OnLine,http://biomedical-engineering-online.biomedcentral.com
39,BioPsychoSocial Medicine,http://bpsmedicine.biomedcentral.com
40,Biotechnology for Biofuels,http://biotechnologyforbiofuels.biomedcentral.com
41,BMC Anesthesiology,http://bmcanesthesiol.biomedcentral.com
42,BMC Biochemistry,http://bmcbiochem.biomedcentral.com
43,BMC Bioinformatics,http://bmcbioinformatics.biomedcentral.com
44,BMC Biology,http://bmcbiol.biomedcentral.com
45,BMC Biomedical Engineering,http://bmcbiomedeng.biomedcentral.com
46,BMC Biophysics,http://bmcbiophys.biomedcentral.com
47,BMC Biotechnology,http://bmcbiotechnol.biomedcentral.com
48,BMC Cancer,http://bmccancer.biomedcentral.com
49,BMC Cardiovascular Disorders,http://bmccardiovascdisord.biomedcentral.com
50,BMC Chemical Engineering,http://bmcchemeng.biomedcentral.com
51,BMC Chemistry,http://bmcchem.biomedcentral.com
52,BMC Clinical Pathology,http://bmcclinpathol.biomedcentral.com
53,BMC Complementary and Alternative Medicine,http://bmccomplementalternmed.biomedcentral.com
54,BMC Dermatology,http://bmcdermatol.biomedcentral.com
55,BMC Developmental Biology,http://bmcdevbiol.biomedcentral.com
56,"BMC Ear, Nose and Throat Disorders",http://bmcearnosethroatdisord.biomedcentral.com
57,BMC Ecology,http://bmcecol.biomedcentral.com
58,BMC Emergency Medicine,http://bmcemergmed.biomedcentral.com
59,BMC Endocrine Disorders,http://bmcendocrdisord.biomedcentral.com
60,BMC Energy,http://bmcenergy.biomedcentral.com
61,BMC Evolutionary Biology,http://bmcevolbiol.biomedcentral.com
62,BMC Family Practice,http://bmcfampract.biomedcentral.com
63,BMC Gastroenterology,http://bmcgastroenterol.biomedcentral.com
64,BMC Genetics,http://bmcgenet.biomedcentral.com
65,BMC Genomics,http://bmcgenomics.biomedcentral.com
66,BMC Geriatrics,http://bmcgeriatr.biomedcentral.com
67,BMC Health Services Research,http://bmchealthservres.biomedcentral.com
68,BMC Hematology,http://bmchematol.biomedcentral.com
69,BMC Immunology,http://bmcimmunol.biomedcentral.com
70,BMC Infectious Diseases,http://bmcinfectdis.biomedcentral.com
71,BMC International Health and Human Rights,http://bmcinthealthhumrights.biomedcentral.com
72,BMC Materials,http://bmcmaterials.biomedcentral.com
73,BMC Mechanical Engineering,http://bmcmecheng.biomedcentral.com
74,BMC Medical Education,http://bmcmededuc.biomedcentral.com
75,BMC Medical Ethics,http://bmcmedethics.biomedcentral.com
76,BMC Medical Genetics,http://bmcmedgenet.biomedcentral.com
77,BMC Medical Genomics,http://bmcmedgenomics.biomedcentral.com
78,BMC Medical Imaging,http://bmcmedimaging.biomedcentral.com
79,BMC Medical Informatics and Decision Making,http://bmcmedinformdecismak.biomedcentral.com
80,BMC Medical Research Methodology,http://bmcmedresmethodol.biomedcentral.com
81,BMC Medicine,http://bmcmedicine.biomedcentral.com
82,BMC Microbiology,http://bmcmicrobiol.biomedcentral.com
83,BMC Molecular and Cell Biology,http://bmcmolcellbiol.biomedcentral.com
84,BMC Molecular Biology,http://bmcmolbiol.biomedcentral.com
85,BMC Musculoskeletal Disorders,http://bmcmusculoskeletdisord.biomedcentral.com
86,BMC Nephrology,http://bmcnephrol.biomedcentral.com
87,BMC Neurology,http://bmcneurol.biomedcentral.com
88,BMC Neuroscience,http://bmcneurosci.biomedcentral.com
89,BMC Nursing,http://bmcnurs.biomedcentral.com
90,BMC Nutrition,http://bmcnutr.biomedcentral.com
91,BMC Obesity,http://bmcobes.biomedcentral.com
92,BMC Ophthalmology,http://bmcophthalmol.biomedcentral.com
93,BMC Oral Health,http://bmcoralhealth.biomedcentral.com
94,BMC Palliative Care,http://bmcpalliatcare.biomedcentral.com
95,BMC Pediatrics,http://bmcpediatr.biomedcentral.com
96,BMC Pharmacology and Toxicology,http://bmcpharmacoltoxicol.biomedcentral.com
97,BMC Physiology,http://bmcphysiol.biomedcentral.com
98,BMC Plant Biology,http://bmcplantbiol.biomedcentral.com
99,BMC Pregnancy and Childbirth,http://bmcpregnancychildbirth.biomedcentral.com
100,BMC Proceedings,http://bmcproc.biomedcentral.com
101,BMC Psychiatry,http://bmcpsychiatry.biomedcentral.com
102,BMC Psychology,http://bmcpsychology.biomedcentral.com
103,BMC Public Health,http://bmcpublichealth.biomedcentral.com
104,BMC Pulmonary Medicine,http://bmcpulmmed.biomedcentral.com
105,BMC Research Notes,http://bmcresnotes.biomedcentral.com
106,BMC Rheumatology,http://bmcrheumatol.biomedcentral.com
107,"BMC Sports Science, Medicine and Rehabilitation",http://bmcsportsscimedrehabil.biomedcentral.com
108,BMC Structural Biology,http://bmcstructbiol.biomedcentral.com
109,BMC Surgery,http://bmcsurg.biomedcentral.com
110,BMC Systems Biology,http://bmcsystbiol.biomedcentral.com
111,BMC Urology,http://bmcurol.biomedcentral.com
112,BMC Veterinary Research,http://bmcvetres.biomedcentral.com
113,BMC Women's Health,http://bmcwomenshealth.biomedcentral.com
114,BMC Zoology,http://bmczool.biomedcentral.com
115,Borderline Personality Disorder and Emotion Dysregulation,http://bpded.biomedcentral.com
116,Breast Cancer Research,http://breast-cancer-research.biomedcentral.com
117,Burns & Trauma,http://burnstrauma.biomedcentral.com
118,CABI Agriculture and Bioscience,http://cabiagbio.biomedcentral.com
119,Cancer & Metabolism,http://cancerandmetabolism.biomedcentral.com
120,Cancer Cell International,http://cancerci.biomedcentral.com
121,Cancer Communications,http://cancercommun.biomedcentral.com
122,Cancer Convergence,http://cancerconvergence.biomedcentral.com
123,Cancer Imaging,http://cancerimagingjournal.biomedcentral.com
124,Cancer Nanotechnology,http://cancer-nano.biomedcentral.com
125,Cancers of the Head & Neck,http://cancersheadneck.biomedcentral.com
126,Canine Genetics and Epidemiology,http://cgejournal.biomedcentral.com
127,Carbon Balance and Management,http://cbmjournal.biomedcentral.com
128,Cardio-Oncology,http://cardiooncologyjournal.biomedcentral.com
129,Cardiovascular Diabetology,http://cardiab.biomedcentral.com
130,Cardiovascular Ultrasound,http://cardiovascularultrasound.biomedcentral.com
131,Cell & Bioscience,http://cellandbioscience.biomedcentral.com
132,Cell Communication and Signaling,http://biosignaling.biomedcentral.com
133,Cell Division,http://celldiv.biomedcentral.com
134,Cellular & Molecular Biology Letters,http://cmbl.biomedcentral.com
135,Cerebellum & Ataxias,http://cerebellumandataxias.biomedcentral.com
136,Child and Adolescent Psychiatry and Mental Health,http://capmh.biomedcentral.com
137,Chinese Medicine,http://cmjournal.biomedcentral.com
138,Chinese Neurosurgical Journal,http://cnjournal.biomedcentral.com
139,Chiropractic & Manual Therapies,http://chiromt.biomedcentral.com
140,Cilia,http://ciliajournal.biomedcentral.com
141,Clinical and Molecular Allergy,http://clinicalmolecularallergy.biomedcentral.com
142,Clinical and Translational Allergy,http://ctajournal.biomedcentral.com
143,Clinical Diabetes and Endocrinology,http://clindiabetesendo.biomedcentral.com
144,Clinical Epigenetics,http://clinicalepigeneticsjournal.biomedcentral.com
145,Clinical Hypertension,http://clinicalhypertension.biomedcentral.com
146,Clinical Proteomics,http://clinicalproteomicsjournal.biomedcentral.com
147,Clinical Sarcoma Research,http://clinicalsarcomaresearch.biomedcentral.com
148,Conflict and Health,http://conflictandhealth.biomedcentral.com
149,Contraception and Reproductive Medicine,http://contraceptionmedicine.biomedcentral.com
150,Cost Effectiveness and Resource Allocation,http://resource-allocation.biomedcentral.com
151,Crime Science,http://crimesciencejournal.biomedcentral.com
152,Critical Care,http://ccforum.biomedcentral.com
153,Diabetology & Metabolic Syndrome,http://dmsjournal.biomedcentral.com
154,Diagnostic and Prognostic Research,http://diagnprognres.biomedcentral.com
155,Diagnostic Pathology,http://diagnosticpathology.biomedcentral.com
156,Emerging Themes in Epidemiology,http://ete-online.biomedcentral.com
157,"Energy, Sustainability and Society",http://energsustainsoc.biomedcentral.com
158,Environmental Evidence,http://environmentalevidencejournal.biomedcentral.com
159,Environmental Health,http://ehjournal.biomedcentral.com
160,Environmental Health and Preventive Medicine,http://environhealthprevmed.biomedcentral.com
161,Environmental Microbiome,http://environmentalmicrobiome.biomedcentral.com
162,Epigenetics & Chromatin,http://epigeneticsandchromatin.biomedcentral.com
163,European Journal of Medical Research,http://eurjmedres.biomedcentral.com
164,European Review of Aging and Physical Activity,http://eurapa.biomedcentral.com
165,EvoDevo,http://evodevojournal.biomedcentral.com
166,Evolution: Education and Outreach,http://evolution-outreach.biomedcentral.com
167,Experimental Hematology & Oncology,http://ehoonline.biomedcentral.com
168,ExRNA,http://exrna.biomedcentral.com
169,Eye and Vision,http://eandv.biomedcentral.com
170,Fertility Research and Practice,http://fertilityresearchandpractice.biomedcentral.com
171,Fisheries and Aquatic Sciences,http://fas.biomedcentral.com
172,Fluids and Barriers of the CNS,http://fluidsbarrierscns.biomedcentral.com
173,"Food Production, Processing and Nutrition",http://fppn.biomedcentral.com
174,Frontiers in Zoology,http://frontiersinzoology.biomedcentral.com
175,Fungal Biology and Biotechnology,http://fungalbiolbiotech.biomedcentral.com
176,Genes & Nutrition,http://genesandnutrition.biomedcentral.com
177,Genes and Environment,http://genesenvironment.biomedcentral.com
178,Genetics Selection Evolution,http://gsejournal.biomedcentral.com
179,Genome Biology,http://genomebiology.biomedcentral.com
180,Genome Medicine,http://genomemedicine.biomedcentral.com
181,Geochemical Transactions,http://geochemicaltransactions.biomedcentral.com
182,Global Health Research and Policy,http://ghrp.biomedcentral.com
183,Globalization and Health,http://globalizationandhealth.biomedcentral.com
184,Gut Pathogens,http://gutpathogens.biomedcentral.com
185,Harm Reduction Journal,http://harmreductionjournal.biomedcentral.com
186,Head & Face Medicine,http://head-face-med.biomedcentral.com
187,Health & Justice,http://healthandjusticejournal.biomedcentral.com
188,Health and Quality of Life Outcomes,http://hqlo.biomedcentral.com
189,Health Economics Review,http://healtheconomicsreview.biomedcentral.com
190,Health Research Policy and Systems,http://health-policy-systems.biomedcentral.com
191,Helgoland Marine Research,http://hmr.biomedcentral.com
192,Hereditary Cancer in Clinical Practice,http://hccpjournal.biomedcentral.com
193,Hereditas,http://hereditasjournal.biomedcentral.com
194,Human Genomics,http://humgenomics.biomedcentral.com
195,Human Resources for Health,http://human-resources-health.biomedcentral.com
196,IMA Fungus,http://IMAFungus.biomedcentral.com
197,Immunity & Ageing,http://immunityageing.biomedcentral.com
198,Implementation Science,http://implementationscience.biomedcentral.com
199,Implementation Science Communications,http://implementationsciencecomms.biomedcentral.com
200,Infectious Agents and Cancer,http://infectagentscancer.biomedcentral.com
201,Infectious Diseases of Poverty,http://idpjournal.biomedcentral.com
202,Inflammation and Regeneration,http://inflammregen.biomedcentral.com
203,Injury Epidemiology,http://injepijournal.biomedcentral.com
204,Innovation and Education,http://innovationeducation.biomedcentral.com
205,International Breastfeeding Journal,http://internationalbreastfeedingjournal.biomedcentral.com
206,International Journal for Educational Integrity,http://edintegrity.biomedcentral.com
207,International Journal for Equity in Health,http://equityhealthj.biomedcentral.com
208,International Journal of Arrhythmia,http://arrhythmia.biomedcentral.com
209,International Journal of Behavioral Nutrition and Physical Activity,http://ijbnpa.biomedcentral.com
210,International Journal of Emergency Medicine,http://intjem.biomedcentral.com
211,International Journal of Food Contamination,http://foodcontaminationjournal.biomedcentral.com
212,International Journal of Health Geographics,http://ij-healthgeographics.biomedcentral.com
213,International Journal of Mental Health Systems,http://ijmhs.biomedcentral.com
214,International Journal of Pediatric Endocrinology,http://ijpeonline.biomedcentral.com
215,International Journal of Retina and Vitreous,http://journalretinavitreous.biomedcentral.com
216,Irish Veterinary Journal,http://irishvetjournal.biomedcentral.com
217,Israel Journal of Health Policy Research,http://ijhpr.biomedcentral.com
218,Italian Journal of Pediatrics,http://ijponline.biomedcentral.com
219,Journal for ImmunoTherapy of Cancer,http://jitc.biomedcentral.com
220,Journal of Animal Science and Biotechnology,http://jasbsci.biomedcentral.com
221,Journal of Applied Volcanology,http://appliedvolc.biomedcentral.com
222,Journal of Biological Engineering,http://jbioleng.biomedcentral.com
223,Journal of Biological Research-Thessaloniki,http://jbiolres.biomedcentral.com
224,Journal of Biomedical Science,http://jbiomedsci.biomedcentral.com
225,Journal of Biomedical Semantics,http://jbiomedsem.biomedcentral.com
226,Journal of Cannabis Research,http://jcannabisresearch.biomedcentral.com
227,Journal of Cardiothoracic Surgery,http://cardiothoracicsurgery.biomedcentral.com
228,Journal of Cardiovascular Magnetic Resonance,http://jcmr-online.biomedcentral.com
229,Journal of Cheminformatics,http://jcheminf.biomedcentral.com
230,Journal of Clinical Movement Disorders,http://clinicalmovementdisorders.biomedcentral.com
231,Journal of Congenital Cardiology,http://jcongenitalcardiology.biomedcentral.com
232,Journal of Cotton Research,http://jcottonres.biomedcentral.com
233,Journal of Eating Disorders,http://jeatdisord.biomedcentral.com
234,Journal of Ecology and Environment,http://jecoenv.biomedcentral.com
235,Journal of Ethnic Foods,http://journalofethnicfoods.biomedcentral.com
236,Journal of Ethnobiology and Ethnomedicine,http://ethnobiomed.biomedcentral.com
237,Journal of Experimental & Clinical Cancer Research,http://jeccr.biomedcentral.com
238,Journal of Foot and Ankle Research,http://jfootankleres.biomedcentral.com
239,"Journal of Health, Population and Nutrition",http://jhpn.biomedcentral.com
240,Journal of Hematology & Oncology,http://jhoonline.biomedcentral.com
241,Journal of Inflammation,http://journal-inflammation.biomedcentral.com
242,Journal of Intensive Care,http://jintensivecare.biomedcentral.com
243,Journal of Medical Case Reports,http://jmedicalcasereports.biomedcentral.com
244,Journal of Nanobiotechnology,http://jnanobiotechnology.biomedcentral.com
245,Journal of Neurodevelopmental Disorders,http://jneurodevdisorders.biomedcentral.com
246,Journal of NeuroEngineering and Rehabilitation,http://jneuroengrehab.biomedcentral.com
247,Journal of Neuroinflammation,http://jneuroinflammation.biomedcentral.com
248,Journal of Occupational Medicine and Toxicology,http://occup-med.biomedcentral.com
249,Journal of Orthopaedic Surgery and Research,http://josr-online.biomedcentral.com
250,Journal of Otolaryngology - Head & Neck Surgery,http://journalotohns.biomedcentral.com
251,Journal of Ovarian Research,http://ovarianresearch.biomedcentral.com
252,Journal of Pharmaceutical Health Care and Sciences,http://jphcs.biomedcentral.com
253,Journal of Pharmaceutical Policy and Practice,http://joppp.biomedcentral.com
254,Journal of Physiological Anthropology,http://jphysiolanthropol.biomedcentral.com
255,Journal of the International Society of Sports Nutrition,http://jissn.biomedcentral.com
256,Journal of Translational Medicine,http://translational-medicine.biomedcentral.com
257,Knee Surgery & Related Research,http://kneesurgrelatres.biomedcentral.com
258,Laboratory Animal Research,http://labanimres.biomedcentral.com
259,"Life Sciences, Society and Policy",http://lsspjournal.biomedcentral.com
260,Lipids in Health and Disease,http://lipidworld.biomedcentral.com
261,Malaria Journal,http://malariajournal.biomedcentral.com
262,Marine Biodiversity Records,http://mbr.biomedcentral.com
263,"Maternal Health, Neonatology and Perinatology",http://mhnpjournal.biomedcentral.com
264,Measurement Instruments for the Social Sciences,http://measurementinstrumentssocialscience.biomedcentral.com
265,Microbial Cell Factories,http://microbialcellfactories.biomedcentral.com
266,Microbiome,http://microbiomejournal.biomedcentral.com
267,Military Medical Research,http://mmrjournal.biomedcentral.com
268,Mobile DNA,http://mobilednajournal.biomedcentral.com
269,Molecular Autism,http://molecularautism.biomedcentral.com
270,Molecular Brain,http://molecularbrain.biomedcentral.com
271,Molecular Cancer,http://molecular-cancer.biomedcentral.com
272,Molecular Cytogenetics,http://molecularcytogenetics.biomedcentral.com
273,Molecular Medicine,http://molmed.biomedcentral.com
274,Molecular Neurodegeneration,http://molecularneurodegeneration.biomedcentral.com
275,Movement Ecology,http://movementecologyjournal.biomedcentral.com
276,Multidisciplinary Respiratory Medicine,http://mrmjournal.biomedcentral.com
277,Multiple Sclerosis and Demyelinating Disorders,http://msddjournal.biomedcentral.com
278,Neural Development,http://neuraldevelopment.biomedcentral.com
279,NeuroCommons,http://neurocommons.biomedcentral.com
280,Neurological Research and Practice,http://neurolrespract.biomedcentral.com
281,Nutrition & Metabolism,http://nutritionandmetabolism.biomedcentral.com
282,Nutrition Journal,http://nutritionj.biomedcentral.com
283,One Health Outlook,http://onehealthoutlook.biomedcentral.com
284,Orphanet Journal of Rare Diseases,http://ojrd.biomedcentral.com
285,Parasites & Vectors,http://parasitesandvectors.biomedcentral.com
286,Particle and Fibre Toxicology,http://particleandfibretoxicology.biomedcentral.com
287,Patient Safety in Surgery,http://pssjournal.biomedcentral.com
288,Pediatric Rheumatology,http://ped-rheum.biomedcentral.com
289,Perioperative Medicine,http://perioperativemedicinejournal.biomedcentral.com
290,"Philosophy, Ethics, and Humanities in Medicine",http://peh-med.biomedcentral.com
291,Phytopathology Research,http://phytopatholres.biomedcentral.com
292,Pilot and Feasibility Studies,http://pilotfeasibilitystudies.biomedcentral.com
293,Plant Methods,http://plantmethods.biomedcentral.com
294,Pneumonia,http://pneumonia.biomedcentral.com
295,Population Health Metrics,http://pophealthmetrics.biomedcentral.com
296,Porcine Health Management,http://porcinehealthmanagement.biomedcentral.com
297,Proteome Science,http://proteomesci.biomedcentral.com
298,Public Health Reviews,http://publichealthreviews.biomedcentral.com
299,Radiation Oncology,http://ro-journal.biomedcentral.com
300,Renal Replacement Therapy,http://rrtjournal.biomedcentral.com
301,Reproductive Biology and Endocrinology,http://rbej.biomedcentral.com
302,Reproductive Health,http://reproductive-health-journal.biomedcentral.com
303,Research Integrity and Peer Review,http://researchintegrityjournal.biomedcentral.com
304,Research Involvement and Engagement,http://researchinvolvement.biomedcentral.com
305,Respiratory Research,http://respiratory-research.biomedcentral.com
306,Retrovirology,http://retrovirology.biomedcentral.com
307,Revista Chilena de Historia Natural,http://revchilhistnat.biomedcentral.com
308,"Scandinavian Journal of Trauma, Resuscitation and Emergency Medicine",http://sjtrem.biomedcentral.com
309,Signals,http://signals.biomedcentral.com
310,Skeletal Muscle,http://skeletalmusclejournal.biomedcentral.com
311,Sleep Science and Practice,http://sleep.biomedcentral.com
312,Source Code for Biology and Medicine,http://scfbm.biomedcentral.com
313,Stem Cell Research & Therapy,http://stemcellres.biomedcentral.com
314,"Substance Abuse Treatment, Prevention, and Policy",http://substanceabusepolicy.biomedcentral.com
315,Surgical and Experimental Pathology,http://surgexppathol.biomedcentral.com
316,Sustainable Earth,http://sustainableearth.biomedcentral.com
317,Sustainable Environment Research,http://sustainenvironres.biomedcentral.com
318,Systematic Reviews,http://systematicreviewsjournal.biomedcentral.com
319,The Journal of Headache and Pain,http://thejournalofheadacheandpain.biomedcentral.com
320,The Journal of Physiological Sciences,http://jps.biomedcentral.com
321,Theoretical Biology and Medical Modelling,http://tbiomed.biomedcentral.com
322,Thrombosis Journal,http://thrombosisjournal.biomedcentral.com
323,Thyroid Research,http://thyroidresearchjournal.biomedcentral.com
324,Translational Medicine Communications,http://transmedcomms.biomedcentral.com
325,Translational Neurodegeneration,http://translationalneurodegeneration.biomedcentral.com
326,Trials,http://trialsjournal.biomedcentral.com
327,"Tropical Diseases, Travel Medicine and Vaccines",http://tdtmvjournal.biomedcentral.com
328,Tropical Medicine and Health,http://tropmedhealth.biomedcentral.com
329,Urban Transformations,http://urbantransformations.biomedcentral.com
330,Veterinary Research,http://veterinaryresearch.biomedcentral.com
331,Virology Journal,http://virologyj.biomedcentral.com
332,Women's Midlife Health,http://womensmidlifehealthjournal.biomedcentral.com
333,World Journal of Emergency Surgery,http://wjes.biomedcentral.com
334,World Journal of Surgical Oncology,http://wjso.biomedcentral.com
335,Zoological Letters,http://zoologicalletters.biomedcentral.com
336,Read more on our blogs,http:http://blogs.biomedcentral.com/
337,Receive BMC newsletters,http:/login
338,Manage article alerts,http:/account
339,Language editing for authors,http:https://authorservices.springernature.com/go/10BMC
340,Scientific editing for authors,http:http://authorservices.springernature.com/scientific-editing/
341,Policies,http:/about/policies
342,Accessibility,http:/accessibility
343,Press center,http:/about/press-centre
344,Support and Contact,http:https://support.biomedcentral.com/support/home
345,Leave feedback,http:https://biomedcentral.typeform.com/to/VLXboo
346,Careers,http:/about/jobs
